{"accuracy": [0.25383973121643066, 0.4687812924385071, 0.5914857983589172, 0.6553422212600708, 0.7171118259429932, 0.7601001858711243, 0.7987478971481323, 0.8309682607650757, 0.8522537350654602, 0.8753756284713745, 0.898330569267273, 0.9130216836929321, 0.9214524030685425, 0.9323872923851013, 0.9437395930290222, 0.9471619129180908, 0.9556761384010315, 0.9613522291183472, 0.9645242094993591, 0.9679465889930725, 0.9651919603347778, 0.9737061858177185, 0.9757094979286194, 0.9782971739768982, 0.9788814783096313, 0.9727879762649536, 0.9823873043060303, 0.9794657826423645, 0.9828881621360779, 0.9829716086387634], "loss": [2.0184683799743652, 1.4865164756774902, 1.1677892208099365, 0.9880622029304504, 0.8232289552688599, 0.703410804271698, 0.5919212102890015, 0.4936163127422333, 0.4311702847480774, 0.3620007634162903, 0.30159690976142883, 0.2586379051208496, 0.22692139446735382, 0.19600656628608704, 0.1639808714389801, 0.15391384065151215, 0.1311747133731842, 0.11507702618837357, 0.10491905361413956, 0.09305397421121597, 0.10462608933448792, 0.07821498066186905, 0.07831066846847534, 0.06773952394723892, 0.06469166278839111, 0.0811668112874031, 0.052202705293893814, 0.057118818163871765, 0.05245686322450638, 0.05206223577260971], "val_accuracy": [0.3976627588272095, 0.5619365572929382, 0.6096827983856201, 0.6911519169807434, 0.7308847904205322, 0.7606009840965271, 0.8010016679763794, 0.7906510829925537, 0.8340567350387573, 0.8060100078582764, 0.8387312293052673, 0.8644407391548157, 0.8747913241386414, 0.8711185455322266, 0.8814691305160522, 0.8814691305160522, 0.8634390830993652, 0.8974958062171936, 0.886811375617981, 0.8874791264533997, 0.8731218576431274, 0.8828046917915344, 0.9078463912010193, 0.9038397073745728, 0.9051752686500549, 0.900166928768158, 0.9091819524765015, 0.9141902923583984, 0.8968280553817749, 0.9151920080184937], "val_loss": [1.6939537525177002, 1.2547366619110107, 1.1000906229019165, 0.8971641659736633, 0.813248872756958, 0.7048925757408142, 0.6115937829017639, 0.6213180422782898, 0.4897710680961609, 0.583026111125946, 0.5219334959983826, 0.3892287611961365, 0.40721336007118225, 0.4051174223423004, 0.39428257942199707, 0.372808575630188, 0.4449634850025177, 0.32421448826789856, 0.40959033370018005, 0.5335575342178345, 0.4419053792953491, 0.4748837649822235, 0.3344174027442932, 0.3670417368412018, 0.38116270303726196, 0.34820276498794556, 0.37150686979293823, 0.3361036777496338, 0.4499642550945282, 0.3825092613697052]}